category_code,category_name,sort_order
6801,"有源手术器械",1
680101,"有源手术器械-超声手术设备及附件",2
68010101,"超声手术设备",3
68010102,"高强度超声治疗设备",4
68010103,"超声手术设备附件",5
680102,"有源手术器械-激光手术设备及附件",6
68010201,"激光手术设备",7
68010202,"医用激光光纤",8
680103,"有源手术器械-高频/射频手术设备及附件",9
68010301,"高频手术设备",10
68010302,"射频消融设备",11
68010303,"氩保护气凝设备",12
68010304,"高频/射频用电极及导管",13
68010305,"射频消融设备用灌注泵",14
680104,"有源手术器械-微波手术设备",15
68010401,"微波手术设备",16
680105,"有源手术器械-冷冻手术设备及附件",17
68010501,"冷冻手术设备",18
68010502,"冷冻消融针及导管",19
680106,"有源手术器械-冲击波手术设备",20
68010601,"冲击波碎石机",21
680107,"有源手术器械-手术导航、控制系统",22
68010701,"手术导航系统",23
68010702,"手术定位系统",24
68010703,"手术控制系统",25
680108,"有源手术器械-手术照明设备",26
68010801,"手术无影灯",27
68010802,"手术辅助照明灯",28
680109,"有源手术器械-内窥镜手术用有源设备",29
68010901,"内窥镜手术用有源设备",30
680110,"有源手术器械-其他手术设备",31
68011001,"水刀",32
68011002,"分离控制盒",33
68011003,"电动吻合器",34
68011004,"手术动力系统",35
68011005,"取、植皮设备",36
6802,"无源手术器械",37
680201,"无源手术器械-刀",38
68020101,"手术刀",39
68020102,"血管刀",40
68020103,"备皮刀",41
68020104,"环切器",42
68020105,"内窥镜用刀",43
680202,"无源手术器械-凿",44
68020201,"手术凿",45
68020202,"手术锤",46
680203,"无源手术器械-剪",47
68020301,"手术剪",48
68020302,"器械剪",49
68020303,"内窥镜用剪",50
680204,"无源手术器械-钳",51
68020401,"组织钳",52
68020402,"取样钳",53
68020403,"分离钳",54
68020404,"牵引钳",55
68020405,"异物钳",56
68020406,"止血钳",57
68020407,"扩张钳",58
68020408,"器械钳",59
68020409,"内窥镜用组织钳",60
68020410,"内窥镜用取样钳",61
68020411,"内窥镜用分离钳",62
68020412,"内窥镜用异物钳",63
68020413,"内窥镜用器械钳",64
680205,"无源手术器械-镊",65
68020501,"组织镊",66
68020502,"器械镊",67
680206,"无源手术器械-夹",68
68020601,"器械夹",69
68020602,"止血夹",70
68020603,"器械夹",71
680207,"无源手术器械-针",72
68020701,"缝合针",73
68020702,"手术针",74
68020703,"定位针",75
68020704,"内窥镜取样针",76
680208,"无源手术器械-钩",77
68020801,"手术钩",78
68020802,"内窥镜用钩",79
680209,"无源手术器械-刮匙",80
68020901,"手术刮匙",81
68020902,"内窥镜用组织刮匙",82
680210,"无源手术器械-剥离器",83
68021001,"剥离器",84
68021002,"内窥镜用剥离器",85
680211,"无源手术器械-牵开器",86
68021101,"牵开器",87
68021102,"压迫器",88
68021103,"扩张器",89
68021104,"内窥镜用牵开器",90
68021105,"内窥镜用气囊扩张器",91
680212,"无源手术器械-穿刺导引器",92
68021201,"穿刺器",93
68021202,"打孔器",94
68021203,"输送导引器",95
68021204,"微创入路装置",96
68021205,"内窥镜用导引器",97
680213,"无源手术器械-吻（缝）合器械及材料",98
68021301,"吻合器（带钉）",99
68021302,"吻合器（不带钉）（分无菌Ⅱ、非无菌Ⅰ）",100
68021303,"内窥镜用吻（缝）合器械（不带钉）",101
68021304,"血管缝合装置",102
68021305,"施夹器",103
68021306,"可吸收缝合线",104
68021307,"不可吸收缝合线",105
68021308,"免缝闭合器械",106
68021309,"粘合剂",107
68021310,"粘堵剂",108
680214,"无源手术器械-冲吸器",109
68021401,"冲吸器",110
68021402,"吸引器",111
680215,"无源手术器械-其他器械",112
68021501,"套扎器",113
68021502,"推结器",114
68021503,"固位器",115
68021504,"清洁器",116
68021505,"测量器",117
68021506,"保护器",118
68021507,"植皮器",119
68021508,"标记器",120
68021509,"手柄",121
68021510,"手术锉",122
68021511,"手术叉",123
68021513,"试模",124
68021514,"夹子装置",125
68021515,"肛门镜",126
68021516,"内窥镜用推结器",127
68021517,"内窥镜用细胞刷",128
68021518,"内窥镜用取石器械",129
68021519,"内窥镜切口牵开保护器",130
68021520,"内窥镜用取石球囊导管",131
68021521,"内窥镜用气囊导管",132
68021522,"内窥镜用给物",133
68021523,"内窥镜用套扎器",134
6803,"神经和血管手术器械",135
680301,"神经和心血管手术器械-刀",136
68030101,"手术刀",137
680302,"神经和心血管手术器械-剪",138
68030201,"组织剪",139
680303,"神经和心血管手术器械-钳",140
68030301,"组织钳",141
68030302,"取样钳",142
68030303,"分离钳",143
68030304,"止血钳",144
68030305,"异物钳",145
68030306,"器械钳",146
680304,"神经和心血管手术器械-镊",147
68030401,"组织镊",148
68030402,"摘除镊",149
680305,"神经和心血管手术器械-夹",150
68030501,"头皮夹",151
68030502,"止血夹",152
680306,"神经和心血管手术器械-针",153
68030601,"手术针",154
68030602,"排气针",155
680307,"神经和心血管手术器械-钩",156
68030701,"手术钩",157
680308,"神经和心血管手术器械-刮匙",158
68030801,"刮匙",159
680309,"神经和心血管手术器械-剥离器",160
68030901,"剥离器",161
680310,"神经和心血管手术器械-牵开器",162
68031001,"牵开器",163
68031002,"压器",164
68031003,"扩张器",165
680311,"神经和心血管手术器械-穿刺导引器",166
68031101,"打孔器",167
68031102,"导引器",168
680312,"神经和心血管手术器械-冲吸器",169
68031201,"冲吸器",170
68031202,"通条",171
68031203,"吸引器",172
680313,"神经和心血管手术器械-心血管介入器械",173
68031301,"造影导管",174
68031302,"导引导管",175
68031303,"中心静脉导管",176
68031304,"导管消毒连接器",177
68031305,"灌注导管",178
68031306,"球囊扩张导管",179
68031307,"切割球囊",180
68031308,"造影球囊",181
68031309,"封堵球囊",182
68031310,"导管鞘",183
68031311,"套针外周导管",184
68031312,"穿刺针",185
68031313,"导引套管",186
68031314,"导管鞘",187
68031315,"扩张器",188
68031316,"导丝",189
68031317,"球囊扩张导管用球囊充压装置",190
68031318,"连接阀",191
68031319,"腔静脉滤器回收装置",192
68031320,"心脏封堵器装载器",193
68031321,"心脏封堵器输送线缆",194
68031322,"血管内回收装置",195
68031323,"远端保护器",196
68031324,"环柄注射器",197
68031325,"延长管",198
68031326,"微导管",199
680314,"神经和心血管手术器械-其他器械",200
68031401,"分流栓",201
68031402,"固位器",202
68031403,"推结器",203
68031404,"排线器",204
68031405,"手术叉",205
68031406,"合拢器",206
68031407,"测量器",207
68031408,"手柄",208
68031409,"手术锯",209
6804,"骨科手术器械",210
680401,"骨科手术器械-骨科用刀",211
68040101,"截骨用刀",212
68040102,"骨科内窥镜用刀",213
68040103,"扩孔用刀",214
68040104,"石膏切割用刀",215
680402,"骨科手术器械-骨科用剪",216
68040201,"骨科内窥镜用剪",217
68040202,"骨及组织用剪",218
68040203,"植入物或石膏用剪",219
680403,"骨科手术器械-骨科用钳",220
68040301,"骨科内窥镜用钳",221
68040302,"夹持/复位用钳",222
68040303,"咬骨钳",223
68040304,"组织用钳",224
68040305,"撑开钳",225
68040306,"压缩钳",226
68040307,"植入物塑形用钳",227
680404,"骨科手术器械-骨科用钩",228
68040401,"拉钩",229
68040402,"牵开器",230
68040403,"骨钩",231
680405,"骨科手术器械-骨科用针",232
68040501,"探针",233
68040502,"牵引针",234
68040503,"定位导引针",235
68040504,"固定针",236
68040505,"穿孔针",237
68040506,"切割针",238
680406,"骨科手术器械-骨科用刮",239
68040601,"骨科内窥镜用刮匙",240
68040602,"刮匙",241
680407,"骨科手术器械-骨科用锥",242
68040701,"介入术用骨锥",243
68040702,"开口用锥",244
68040703,"攻丝用锥",245
680408,"骨科手术器械-骨科用钻",246
68040801,"切/取骨钻",247
68040802,"钻孔用钻",248
68040803,"导钻（套钻）",249
68040804,"修整用钻",250
68040805,"扩髓用钻",251
68040806,"芯钻",252
680409,"骨科手术器械-骨科用锯",253
68040901,"骨锯",254
68040902,"石膏锯",255
68040903,"配套工具",256
680410,"骨科手术器械-骨科用凿",257
68041001,"骨凿",258
680411,"骨科手术器械-骨科用锉、铲",259
68041101,"骨科用锉",260
68041102,"骨科用铲",261
680412,"骨科手术器械-骨科用有源",262
68041201,"骨科动力手术设备",263
68041203,"石膏切割器具",264
680413,"骨科手术器械-外固定及牵引器械",265
68041301,"髌骨爪",266
68041302,"外固定支架",267
68041303,"夹板及固定带",268
68041304,"牵引器",269
68041305,"术中牵引架及配件",270
68041306,"骨科牵引床及配件",271
68041307,"紧固、支撑工具",272
680414,"骨科手术器械-基础通用辅助器械",273
68041401,"微创骨导引器",274
68041402,"骨水泥器械",275
68041403,"植骨器械",276
68041404,"取样器械",277
68041405,"测量器械",278
68041406,"定位导向器械",279
68041407,"夹持、固定器械",280
68041408,"敲拔器械",281
68041409,"开口器械",282
68041410,"石膏拆除器械",283
68041411,"刨骨器",284
68041412,"植入取出工具",285
68041413,"配套工具",286
680415,"骨科手术器械-创伤外科辅助器械",287
68041501,"扩髓器",288
68041502,"骨把持器",289
68041503,"塑形工具",290
68041504,"骨折复位器",291
68041505,"配套工具",292
680416,"骨科手术器械-关节外科辅助器械",293
68041601,"骨水泥定型模具",294
68041602,"关节镜配套工具",295
68041603,"定位、导向、测量器械",296
68041604,"打拔器",297
68041605,"冲头",298
68041606,"配套工具",299
680417,"骨科手术器械-脊柱外科辅助器械",300
68041701,"椎体成形器械",301
68041702,"椎间盘旋切器械",302
68041703,"注射推进装置",303
68041704,"椎体成形导引系统",304
68041705,"纤维环缝合器械",305
68041706,"椎体后缘处理器",306
68041707,"椎弓根定位测量器",307
68041708,"定位、导向、测量器械",308
68041709,"开孔扩孔器械",309
68041710,"神经根探子",310
68041711,"植骨块嵌入器",311
68041712,"椎弓根钉尾部切断器",312
68041713,"脊柱手术通道器械",313
68041714,"椎体复位器",314
68041715,"配套工具",315
680418,"骨科手术器械-骨科其他手术器械",316
68041801,"剥离器",317
68041802,"颅骨矫形器械",318
68041803,"剥离保护器",319
68041804,"韧带手术器械",320
68041805,"骨科组织保护器具",321
68041806,"骨科手术体位固定架",322
68041807,"软骨整形器械",323
6805,"放射治疗器械",324
680501,"放射治疗器械-放射治疗设备",325
68050101,"医用电子加速器",326
68050102,"医用轻离子治疗系统",327
68050103,"医用X射线治疗设备",328
68050104,"伽玛射束远距离治疗机",329
68050105,"近距离后装治疗设备",330
68050106,"放射性粒籽植入治疗系统",331
680502,"放射治疗器械-放射治疗模拟及图像引导设备",332
68050201,"放射治疗模拟系统",333
68050202,"放射治疗用X射线图像引导系统",334
68050203,"电子射野成像系统",335
68050204,"超声影像引导系统",336
68050205,"电磁定位系统",337
68050206,"光学定位引导系统",338
680503,"放射治疗器械-放射治疗准直装置",339
68050301,"X辐射放射治疗立体定向系统",340
68050302,"准直限束装置",341
680504,"放射治疗器械-放射治疗配套器械",342
68050401,"射线束扫描测量系统",343
68050402,"呼吸门控系统",344
68050403,"放射治疗患者摆位系统",345
68050404,"施源器",346
68050405,"治疗机用X射线管",347
68050406,"放射治疗激光定位系统",348
68050407,"放射性粒籽防护植入器",349
68050408,"放射治疗患者用固定装置",350
6806,"医用成像器械",351
680601,"医用成像器械-诊断X射线机",352
68060101,"血管造影X射线机",353
68060102,"泌尿X射线机",354
68060103,"乳腺X射线机",355
68060104,"口腔X射线机",356
68060105,"透视摄影X射线机",357
68060106,"移动式C形臂X射线机",358
68060107,"摄影X射线机",359
68060108,"透视X射线机",360
68060109,"X射线骨密度仪",361
68060110,"车载X射线机",362
68060111,"携带式X射线机",363
68060112,"肢体数字化体层摄影X射线机",364
680602,"医用成像器械-X射线计算机体层摄影设备（CT）",365
68060201,"X射线计算机体层摄影设备（CT）",366
680603,"医用成像器械-X射线发生、限束装置",367
68060301,"X 射线高压发生器",368
68060302,"X射线管",369
68060303,"X射线管组件",370
68060304,"限束装置",371
680604,"医用成像器械-X射线影像接收处理装置",372
68060401,"X射线影像增强器、X射线影像增强器电视系统",373
68060402,"X射线探测器、X射线探测器及其影像系统",374
68060403,"X射线摄影用影像板成像装置（CR）",375
68060404,"X射线感光胶片",376
68060405,"医用增感屏",377
68060406,"透视荧光屏",378
68060407,"影像板",379
680605,"医用成像器械-X射线附属及",380
68060501,"透视摄影床",381
68060502,"导管床",382
68060503,"X射线摄影患者支撑装置",383
68060504,"悬吊、支撑装置",384
68060505,"造影剂注射装置",385
68060506,"防散射滤线栅",386
68060507,"X射线摄影暗盒",387
68060508,"X射线胶片显影剂、定影剂",388
68060509,"胶片观察装置",389
68060510,"X射线胶片自动洗片机",390
68060511,"患者体位固定装置",391
68060512,"穿刺定位引导装置",392
68060513,"静脉尿路造影腹压器",393
68060514,"胃肠X射线检查用品",394
680606,"医用成像器械-医用射线防护设备",395
68060601,"医用射线防护用具",396
68060602,"医用射线防护装置",397
680607,"医用成像器械-超声影像诊断设备",398
68060701,"超声脉冲回波成像设备",399
68060702,"超声回波多普勒成像设备",400
680608,"医用成像器械-超声影像诊断附属设备",401
68060801,"超声耦合剂",402
68060802,"超声耦合垫",403
68060803,"超声水囊",404
68060804,"超声探头",405
68060805,"超声探头穿刺架",406
68060806,"胃肠超声显像粉",407
680609,"医用成像器械-磁共振成像设备（MRI）",408
68060901,"永磁型磁共振成像系统",409
68060902,"常导型磁共振成像系统",410
68060903,"超导型磁共振成像系统",411
680610,"医用成像器械-磁共振辅助设备",412
68061001,"磁共振造影注射装置",413
68061002,"磁共振辅助刺激系统",414
68061003,"磁共振定位装置",415
680611,"医用成像器械-放射性核素成像",416
68061101,"伽玛照相机",417
68061102,"单光子发射计算机断层成像设备",418
68061103,"正电子发射断层成像设备",419
68061104,"放射性核素扫描装置",420
680612,"医用成像器械-放射性核素成像辅助设备",421
68061201,"自动给药系统",422
68061202,"锝气体发生器",423
680613,"医用成像器械-光学成像诊断设备",424
68061301,"红外热像仪",425
68061302,"红外线乳腺诊断仪",426
68061303,"光相干断层成像系统（非眼科）",427
68061304,"手术显微镜（非眼科）",428
68061305,"微循环显微镜",429
68061306,"医用光学放大器具",430
680614,"医用成像器械-医用内窥镜",431
68061401,"光学内窥镜",432
68061402,"电凝切割内窥镜",433
68061403,"电子内窥镜",434
68061404,"胶囊式内窥镜系统",435
680615,"医用成像器械-内窥镜功能供给",436
68061501,"内窥镜用冷光源",437
68061502,"内窥镜摄像系统",438
68061503,"电子内窥镜图像处理器",439
68061504,"内窥镜送气装置",440
68061505,"内窥镜冲洗吸引器",441
68061506,"内窥镜膨腔泵",442
680616,"医用成像器械-内窥镜辅助用品",443
68061601,"内窥镜插入形状观测系统",444
68061602,"胶囊内窥镜姿态控制器",445
68061603,"内窥镜气囊控制器",446
68061604,"内窥镜润滑剂",447
68061605,"内窥镜先端帽",448
68061606,"内窥镜用活检袋",449
68061607,"内窥镜咬口、套管",450
680617,"医用成像器械-组合功能融合成像器械",451
68061701,"单光子发射及X射线计算机断层成像系统",452
68061702,"正电子发射及X射线计算机断层成像系统",453
68061703,"正电子发射及磁共振成像系统",454
68061704,"超声电子内窥镜",455
68061705,"复合内窥镜",456
680618,"医用成像器械-图像显示、处理、传输及打印设备",457
68061801,"图像显示处理工作站",458
68061802,"胶片扫描仪",459
68061803,"医用图像打印机",460
68061804,"影像记录介质",461
68061805,"取片机",462
6807,"医用诊察和监护器械",463
680701,"医用诊察和监护器械-诊察辅助器械",464
68070101,"压舌板",465
68070102,"听诊器",466
68070103,"五官科检查镜",467
68070104,"叩诊锤",468
68070105,"表面检查灯",469
68070106,"反光器具",470
68070107,"听觉检查音叉",471
680702,"医用诊察和监护器械-呼吸功能及气体分析测定装置",472
68070201,"气体测定设备",473
68070202,"呼吸热量监测设备",474
68070203,"肺功能测试设备",475
68070204,"呼气流量测量设备",476
68070205,"呼吸压力测量设备",477
68070206,"气道过敏反应测试设备",478
68070207,"单一气体检测器",479
680703,"医用诊察和监护器械-生理参数分析测量设备",480
68070301,"心电测量、分析设备",481
68070302,"心脏电生理标测设备",482
68070303,"无创血压测量设备",483
68070304,"体温测量设备",484
68070305,"脉搏血氧测量设备",485
68070306,"生理参数诱发诊断设备",486
68070307,"血管硬度测量设备",487
68070308,"无创血流分析设备",488
68070309,"体表色素测量设备",489
68070310,"电导分析仪",490
68070311,"鼻阻力测量设备",491
68070312,"血管内皮功能测试设备",492
68070313,"脑磁图设备",493
68070314,"有创颅内压设备",494
680704,"医用诊察和监护器械-监护设备",495
68070401,"病人监护设备",496
68070402,"神经监护设备",497
68070403,"动态血糖/葡萄糖监测设备",498
680705,"医用诊察和监护器械-电声学测量、分析设备",499
68070501,"听力计",500
68070502,"电声门图仪",501
68070503,"耳声发射仪",502
68070504,"耳声阻抗测量仪",503
680706,"医用诊察和监护器械-放射性核素诊断设备",504
68070601,"放射性核素骨密度测量设备",505
68070602,"肾及甲状腺功能测量设备",506
68070603,"伽玛射线探测装置",507
680707,"医用诊察和监护器械-超声测量、分析设备",508
68070701,"超声多普勒血流分析设备",509
68070702,"超声人体组织测量设备",510
680708,"医用诊察和监护器械-遥测和中央监护设备",511
68070801,"遥测监护设备",512
68070802,"远程监护设备",513
68070803,"中央监护系统",514
680709,"医用诊察和监护器械-其他测量、分析设备",515
68070901,"泌尿、消化动力学测量、分析设备",516
68070902,"眼震电图设备",517
68070903,"睡眠呼吸监测设备",518
68070904,"平衡测试设备",519
68070905,"言语障碍测量设备",520
68070906,"心血管功能检测设备",521
68070907,"人体阻抗测量、分析设备",522
68070908,"酸碱度检测设备",523
680710,"医用诊察和监护器械-附件、耗材",524
68071001,"有创血压传感器",525
68071002,"电生理标测导管",526
68071003,"体表电极",527
68071004,"脉搏血氧传感器",528
68071005,"导电膏",529
68071006,"无创血压袖带",530
68071007,"心电导联线",531
6808,"呼吸、麻醉和急救器械",532
680801,"呼吸、麻醉和急救器械-呼吸设备",533
68080101,"治疗呼吸机（生命支持）",534
68080102,"急救和转运用呼吸机",535
68080103,"高频呼吸机",536
68080104,"家用呼吸机（生命支持）",537
68080105,"家用呼吸支持设备（非生命支持）",538
68080106,"睡眠呼吸暂停治疗设备",539
680802,"呼吸、麻醉和急救器械-麻醉器械",540
68080201,"麻醉机",541
68080202,"麻醉穿刺针",542
68080203,"吸入镇痛装置",543
680803,"呼吸、麻醉和急救器械-急救设备",544
68080301,"体外除颤设备",545
68080302,"婴儿培养箱",546
68080303,"婴儿辐射保暖台",547
68080304,"心肺复苏设备",548
68080305,"人工复苏器（简易呼吸器）",549
68080306,"气动急救复苏器",550
680804,"呼吸、麻醉和急救器械-医用制氧设备",551
68080401,"医用分子筛制氧系统",552
68080402,"医用分子筛制氧机",553
68080403,"医用膜分离制氧系统",554
68080404,"医用膜分离制氧机",555
68080405,"氧气发生器",556
680805,"呼吸、麻醉和急救器械-呼吸、麻醉、急救设备辅助装置",557
68080501,"麻醉蒸发器",558
68080502,"医用呼吸道湿化器",559
68080503,"呼吸系统过滤器",560
68080504,"热湿交换器",561
68080505,"呼吸管路辅助器械",562
68080506,"气管插管用喉镜",563
68080507,"雾化设备/雾化装置",564
68080508,"麻醉储气囊",565
68080509,"麻醉废气吸附器",566
68080510,"麻醉气体净化传递和收集系统",567
68080511,"吸氧头罩",568
68080512,"除颤电极",569
68080513,"呼吸训练器",570
68080514,"二氧化碳吸收器（含二氧化碳吸收剂）",571
68080515,"氧气吸入器",572
680806,"呼吸、麻醉和急救器械-呼吸、麻醉用管路、面罩",573
68080601,"硬膜外麻醉导管",574
68080602,"呼吸管路",575
68080603,"气管内插管/气管套管",576
68080604,"食道气管插管",577
68080605,"喉罩",578
68080606,"口咽/鼻咽通气道",579
68080607,"支气管堵塞器",580
68080608,"鼻氧管",581
68080609,"呼吸道用吸引导管（吸痰管）",582
68080610,"呼吸面罩",583
68080611,"持续正压通气用面罩、口罩、鼻罩",584
68080612,"雾化面罩",585
68080613,"麻醉面罩",586
68080614,"输氧面罩",587
680807,"呼吸、麻醉和急救器械-医用供气排气相关设备",588
68080701,"医用空气压缩机",589
68080702,"医用气体混合器",590
68080703,"供氧、排氧器",591
68080704,"医用压缩气体供应系统",592
68080705,"医用气体汇流排",593
68080706,"医用气体报警系统",594
6809,"物理治疗器械",595
680901,"物理治疗器械-电疗设备/器具",596
68090101,"电位治疗设备",597
68090102,"直流电治疗设备",598
68090103,"低中频治疗设备",599
68090104,"静电贴敷器具",600
68090105,"神经和肌肉刺激器用电极",601
680902,"物理治疗器械-温热（冷）治疗设备/器具",602
68090201,"热传导治疗设备",603
68090202,"热辐射治疗设备",604
68090203,"物理降温设备",605
680903,"物理治疗器械-光治疗设备",606
68090301,"激光治疗设备",607
68090302,"光动力激光治疗设备",608
68090303,"光动力治疗设备",609
68090304,"强脉冲光治疗设备",610
68090305,"红光治疗设备",611
68090306,"蓝光治疗设备",612
68090307,"紫外治疗设备",613
68090308,"光治疗设备附件",614
680904,"物理治疗器械-力疗设备/器具",615
68090401,"负压（振动）治疗设备",616
68090402,"加压治疗设备",617
68090403,"牵引治疗设备",618
68090404,"牵引器具",619
68090405,"冲击波治疗设备",620
68090406,"气囊式体外反搏装置",621
680905,"物理治疗器械-磁疗设备/器具",622
68090501,"动磁场治疗设备",623
68090502,"静磁场治疗器具",624
680906,"物理治疗器械-超声治疗设备",625
68090601,"超声治疗设备",626
68090602,"超声治疗设备附件",627
680907,"物理治疗器械-高频治疗设备",628
68090701,"射频热疗设备",629
68090702,"射频浅表治疗设备",630
68090703,"微波治疗设备",631
68090704,"短波治疗仪",632
68090705,"毫米波治疗设备",633
680908,"物理治疗器械-其他物理治疗设备",634
68090801,"医用氧舱",635
68090802,"臭氧治疗设备",636
68090803,"生物反馈治疗设备",637
68090804,"烧烫伤浸浴装置",638
68090805,"肠道水疗机",639
68090806,"药物导入设备",640
6810,"输血、透析和体外循环器械",641
681001,"输血、透析和体外循环器械-血液分离、处理、贮存设备",642
68100101,"血液成分分离设备",643
68100102,"自体血液回收设备",644
68100103,"血细胞处理设备",645
68100104,"血液辐照设备",646
68100105,"血浆病毒灭活设备",647
68100106,"血液融化设备",648
681002,"输血、透析和体外循环器械-血液分离、处理、贮存器具",649
68100201,"血袋",650
68100202,"离心式血液成分分离器",651
68100203,"动静脉穿刺器",652
68100204,"输血器",653
68100205,"自体血液处理器具",654
68100206,"血浆管路",655
68100207,"冰冻红细胞洗涤机用管路",656
68100208,"富血小板血浆制备器",657
681003,"输血、透析和体外循环器械-血液净化及腹膜透析设备",658
68100301,"血液透析设备",659
68100302,"连续性血液净化设备",660
68100303,"血液灌流设备",661
68100304,"人工肝设备",662
68100305,"血液透析辅助设备",663
68100306,"腹膜透析设备",664
68100307,"腹膜透析辅助设备",665
68100308,"血脂分离设备",666
681004,"输血、透析和体外循环器械-血液净化及腹膜透析器具",667
68100401,"血液透析器具",668
68100402,"血液灌流器具",669
68100403,"血液净化辅助器具",670
68100404,"腹膜透析器具",671
68100405,"血脂分离器具",672
681005,"输血、透析和体外循环器械-心肺转流设备",673
68100501,"心肺转流用泵",674
68100502,"心肺转流监测设备",675
68100503,"热交换设备",676
68100504,"体外心肺支持辅助系统",677
68100505,"体外心肺支持用升温仪",678
681006,"输血、透析和体外循环器械-心肺转流器具",679
68100601,"氧合器",680
68100602,"贮血滤血器",681
68100603,"微栓过滤器",682
68100604,"血液浓缩器",683
68100605,"心脏停跳液灌注器",684
68100606,"心肺转流用管路及接头",685
68100607,"离心泵泵头",686
68100608,"心脏停跳液",687
681007,"输血、透析和体外循环器械-其他",688
68100701,"腹水超滤浓缩回输设备",689
6811,"医疗器械消毒灭菌器械",690
681101,"医疗器械消毒灭菌器械-湿热消毒灭菌设备",691
68110101,"蒸汽消毒器",692
68110102,"煮沸消毒器",693
68110103,"压力蒸汽灭菌器",694
681102,"医疗器械消毒灭菌器械-干热消毒灭菌设备",695
68110201,"热空气消毒器",696
68110202,"热空气灭菌器",697
68110203,"热辐射灭菌器",698
681103,"医疗器械消毒灭菌器械-化学消毒灭菌设备",699
68110301,"酸性氧化电位水生成器",700
68110302,"臭氧消毒器",701
68110303,"环氧乙烷灭菌器",702
68110304,"甲醛灭菌器",703
68110305,"过氧化氢灭菌器",704
68110306,"其他化学消毒灭菌器",705
681104,"医疗器械消毒灭菌器械-紫外线消毒设备",706
68110401,"紫外线消毒器",707
681105,"医疗器械消毒灭菌器械-清洗消毒设备",708
68110501,"清洗消毒器",709
68110502,"医用清洗器",710
6812,"有源植入器械",711
681201,"有源植入器械-心脏节律管理设备",712
68120101,"植入式心脏起搏器",713
68120102,"植入式心律转复除颤器",714
68120103,"临时起搏器",715
68120104,"植入式心脏起搏电极导线",716
68120105,"植入式心脏除颤电极导线",717
68120106,"临时起搏电极导线",718
68120107,"植入式心脏事件监测设备",719
68120108,"植入式封堵工具",720
68120109,"植入式电极导线移除工具",721
68120110,"起搏系统分析设备",722
68120111,"心脏节律管理程控设备",723
68120112,"连接器套筒",724
681202,"有源植入器械-神经调控设备",725
68120201,"植入式神经刺激器",726
68120202,"植入式神经刺激电极",727
68120203,"测试刺激电极",728
68120204,"神经调控充电设备",729
68120205,"植入式电极导线适配工具",730
68120206,"植入式电极导线补件",731
68120207,"测试刺激器",732
68120208,"测试延伸导线",733
68120209,"神经调控程控设备",734
681203,"有源植入器械-辅助位听觉设备",735
68120301,"植入式位听觉设备",736
68120302,"体外声音处理器",737
68120303,"辅助位听觉调控设备",738
681204,"有源植入器械-其他",739
68120401,"植入式心脏收缩力调节设备",740
68120402,"植入式循环辅助设备",741
68120403,"植入式药物输注设备",742
6813,"无源植入器械",743
681301,"无源植入器械-骨接合植入物",744
68130101,"单/多部件金属骨固定器械及附件",745
68130102,"单/多部件可吸收骨固定器械",746
68130103,"单/多部件记忆合金骨固定器械",747
68130104,"金属髓内装置",748
68130105,"金属固定环扎装置",749
68130106,"光面或带螺纹的金属骨固定紧固件",750
681302,"无源植入器械-运动损伤软组织修复重建及置换植入物",751
68130201,"运动损伤软组织修复重建植入物",752
68130202,"运动损伤软组织置换植入物",753
681303,"无源植入器械-脊柱植入物",754
68130301,"脊柱椎板间固定系统",755
68130302,"脊柱椎体间固定/置换系统",756
68130303,"脊柱椎弓根系统",757
68130304,"椎间融合器",758
68130305,"椎间盘假体",759
68130306,"棘突植入物",760
681304,"无源植入器械-关节置换植入物",761
68130401,"髋关节假体",762
68130402,"膝关节假体",763
68130403,"肩关节假体",764
68130404,"肘关节假体",765
68130405,"指关节假体",766
68130406,"腕关节假体",767
68130407,"踝关节假体",768
68130408,"颞下颌关节假体",769
681305,"无源植入器械-骨科填充和修复材料",770
68130501,"丙烯酸树脂骨水泥",771
68130502,"钙盐类骨填充植入物",772
68130503,"同种异体骨修复材料",773
68130504,"金属填充物",774
681306,"无源植入器械-神经内/外科植入物",775
68130601,"单/多部件预制颅骨成形术板及紧固件",776
68130602,"颅骨夹/锁",777
68130603,"单/多部件颅颌面固定器械及附件",778
68130604,"硬脑（脊）膜补片",779
68130605,"动脉瘤夹",780
68130606,"颅内支架系统",781
68130607,"颅内栓塞器械",782
68130608,"颅内弹簧圈系统",783
68130609,"人工颅骨",784
68130610,"脑积水分流器及组件",785
68130611,"颅内动脉瘤血流导向装置",786
681307,"无源植入器械-心血管植入物",787
68130701,"血管内假体",788
68130702,"血管支架",789
68130703,"腔静脉滤器",790
68130704,"人工血管",791
68130705,"心血管补片",792
68130706,"人工心脏瓣膜及瓣膜修复器械",793
68130707,"心脏封堵器",794
68130708,"心血管栓塞器械",795
681308,"无源植入器械-耳鼻喉植入物",796
68130801,"听小骨假体",797
68130802,"耳内假体",798
68130803,"植入性止鼾装置",799
681309,"无源植入器械-整形及普通外科植入物",800
68130901,"整形填充材料",801
68130902,"整形用注射填充物",802
68130903,"乳房植入物",803
68130904,"外科补片/外科修补网",804
68130905,"修补固定器",805
68130906,"非血管支架",806
68130907,"支气管内活瓣",807
68130908,"肛瘘塞",808
68130909,"阴茎假体",809
68130910,"软组织扩张器",810
681310,"无源植入器械-组织工程支架材料",811
68131001,"脱细胞皮肤",812
68131002,"脱细胞真皮基质",813
68131003,"胶原蛋白支架材料",814
68131004,"神经修复材料",815
68131005,"含重组人骨形态发生蛋白质的骨修复材料",816
681311,"无源植入器械-其他",817
68131101,"骨蜡",818
68131102,"漏斗胸成形系统",819
68131103,"胸骨捆扎/抓扣固定系统",820
6814,"注输、护理和防护器械",821
681401,"注输、护理和防护器械-注射、穿刺器械",822
68140101,"注射泵",823
68140102,"无菌注射器",824
68140103,"无针注射器",825
68140104,"笔式注射器",826
68140105,"玻璃注射器",827
68140106,"注射针",828
68140107,"注射器辅助推动装置",829
68140108,"穿刺器械",830
68140109,"活检针",831
68140110,"活检枪",832
681402,"注输、护理和防护器械-血管内输液器械",833
68140201,"输液泵",834
68140202,"输液信息采集系统",835
68140203,"输液辅助电子设备",836
68140204,"无源输注泵",837
68140205,"输液器",838
68140206,"静脉输液针",839
68140207,"血管内留置针",840
68140208,"输液连接管路",841
68140209,"输液、输血用连接件及附件",842
68140210,"植入式给药器械",843
68140211,"输液袋",844
68140212,"药液用转移、配药器具",845
68140213,"输液用放气针",846
681403,"注输、护理和防护器械-非血管内输液器械",847
68140301,"肠营养泵",848
68140302,"胰岛素泵",849
68140303,"胰岛素泵用皮下输液器",850
68140304,"胰岛素泵用储液器",851
68140305,"肠营养器",852
68140306,"肠营养袋",853
681404,"注输、护理和防护器械-止血器具",854
68140401,"有源止血器",855
68140402,"无源止血器",856
68140403,"无源止血带",857
681405,"注输、护理和防护器械-非血管内导（插）管",858
68140501,"经皮肠营养导管",859
68140502,"经鼻肠营养导管",860
68140503,"导尿管",861
68140504,"直肠管（肛门管）",862
68140505,"输尿管支架",863
68140506,"引流导管",864
68140507,"扩张导管",865
68140508,"造影导管",866
68140509,"测压导管",867
681406,"注输、护理和防护器械-与非血管内导管配套用体外器械",868
68140601,"颅脑外引流收集装置",869
68140602,"胸腔引流装置",870
68140603,"负压引流器及组件",871
68140604,"真空负压机",872
68140605,"负压引流海绵",873
68140606,"负压引流封闭膜",874
68140607,"医用电动吸引器械",875
68140608,"以负压源或压力源为动力吸引器械",876
68140609,"医用人工驱动吸引器械",877
68140610,"医用中心吸引系统",878
68140611,"体外引流、吸引管",879
68140612,"引流袋（容器）/收集袋（容器）、粪便管理器械",880
68140613,"非血管内导管充盈装置",881
681407,"注输、护理和防护器械-清洗、灌洗、吸引、给药器械",882
68140701,"冲洗器械",883
68140702,"灌肠器",884
68140703,"给药器",885
681408,"注输、护理和防护器械-可吸收外科敷料",886
68140801,"可吸收外科止血材料",887
68140802,"可吸收外科防粘连敷料",888
681409,"注输、护理和防护器械-不可吸收外科敷料",889
68140901,"外科织造布类敷料",890
68140902,"外科非织造布敷料",891
68140903,"外科海绵敷料",892
681410,"注输、护理和防护器械-创面敷料",893
68141001,"创面敷贴",894
68141002,"创口贴",895
68141003,"粉末敷料",896
68141004,"凝胶敷料",897
68141005,"水胶体敷料",898
68141006,"纤维敷料",899
68141007,"泡沫敷料",900
68141008,"液体、膏状敷料",901
68141009,"隔离敷料",902
68141010,"生物敷料",903
68141011,"碳纤维和活性炭敷料",904
68141012,"含壳聚糖敷料",905
68141013,"含银敷料",906
68141014,"胶原贴敷料",907
681411,"注输、护理和防护器械-包扎敷料",908
68141101,"绷带",909
68141102,"胶带",910
681412,"注输、护理和防护器械-造口、疤痕护理用品",911
68141201,"造口护理及辅助器械",912
68141202,"疤痕修复材料",913
681413,"注输、护理和防护器械-手术室感染控制用品",914
68141301,"手术单",915
68141302,"手术膜",916
68141303,"外科手套",917
68141304,"外科口罩",918
68141305,"手术室用衣帽",919
681414,"注输、护理和防护器械-医护人员",920
68141401,"防护口罩",921
68141402,"防护服",922
68141403,"隔离衣帽",923
68141404,"手部防护用品",924
68141405,"足部隔离用品",925
68141406,"隔离护罩",926
681415,"注输、护理和防护器械-病人护理防护用品",927
68141501,"婴儿光疗防护眼罩",928
68141502,"眼贴",929
68141503,"鼻部护理器械",930
68141504,"海水鼻腔清洗液",931
68141505,"垫单",932
68141506,"医用防护衬垫",933
681416,"注输、护理和防护器械-其它器械",934
68141601,"洁净屏",935
68141602,"血管显像设备",936
68141603,"预充式导管冲洗器",937
68141604,"抗鼻腔过敏凝胶（不含药）",938
68141605,"通气辅助器械",939
68141606,"咬口",940
68141607,"急救毯",941
68141608,"体表器械固定装置",942
68141609,"润滑剂及载体",943
68141610,"涂抹及吸液材料",944
68141611,"压力绷带",945
68141612,"医用导管夹",946
68141613,"无菌接管机",947
6815,"患者承载器械",948
681501,"患者承载器械-手术台",949
68150101,"电动手术台（液压、机械、气动等）",950
68150102,"手动手术台（液压）",951
68150103,"手动手术台（机械）",952
681502,"患者承载器械-诊疗台",953
68150201,"电动诊疗台及诊疗椅",954
68150202,"手动诊疗台及诊疗椅",955
681503,"患者承载器械-医用病床",956
68150301,"电动病床",957
68150302,"手动病床",958
68150303,"医用婴儿床",959
681504,"患者承载器械-患者位置固定辅助器械",960
68150401,"电动患者手术位置固定辅助器械",961
68150402,"无源患者手术位置固定辅助器械",962
681505,"患者承载器械-患者转运器械",963
68150501,"患者运送隔离器械",964
68150502,"电动推车、担架等器械",965
68150503,"手动推车、担架等器械",966
68150504,"简易转移器械",967
68150505,"其他转移器械",968
681506,"患者承载器械-防压疮（褥疮）垫",969
68150601,"电动防压疮（褥疮）垫",970
68150602,"手动防压疮（褥疮）垫",971
6816,"眼科器械",972
681601,"眼科器械-眼科无源手术器械",973
68160101,"眼用刀",974
68160102,"眼用凿",975
68160103,"眼用剪",976
68160104,"眼用钳",977
68160105,"眼用镊",978
68160106,"眼用夹",979
68160107,"眼用针",980
68160108,"眼用钩",981
68160109,"眼用刮匙",982
68160110,"眼用剥离器",983
68160111,"眼用牵开器",984
68160112,"眼用扩张器",985
68160113,"眼用冲吸器",986
68160114,"眼用钻",987
68160115,"眼用锯",988
68160116,"眼用铲",989
681602,"眼科器械-眼科无源辅助手术器械",990
68160201,"眼用穿刺器",991
68160202,"眼用注入器",992
68160203,"点眼棒",993
68160204,"眼用压迫器",994
68160205,"眼用保护、支持器",995
68160206,"眼用器械手柄",996
68160207,"眼用固位器",997
68160208,"眼用测量器",998
68160209,"眼用取出器",999
68160210,"眼用抛光器",1000
68160211,"眼用置物台",1001
68160212,"眼用碎核器",1002
68160213,"眼用咬除器",1003
68160214,"眼用止血器",1004
68160215,"眼用浸泡环",1005
681603,"眼科器械-视光设备和器具",1006
68160301,"验光设备和器具",1007
68160302,"视功能检查设备和器具",1008
68160303,"视觉治疗设备",1009
681604,"眼科器械-眼科测量诊断设备和器具",1010
68160401,"眼科激光诊断设备",1011
68160402,"眼压持续监测仪",1012
68160403,"眼科超声诊断设备",1013
68160404,"光学相干断层扫描仪",1014
68160405,"眼用照相机",1015
68160406,"眼底造影机",1016
68160407,"裂隙灯显微镜",1017
68160408,"直接检眼镜",1018
68160409,"间接检眼镜",1019
68160410,"角膜内皮细胞显微镜",1020
68160411,"角膜共焦显微镜",1021
68160412,"角膜地形图仪",1022
68160413,"角膜测厚仪",1023
68160414,"眼前节测量诊断系统",1024
68160415,"眼组织深度测量仪",1025
68160416,"黄斑完整性评估仪",1026
68160417,"眼压计",1027
68160418,"眼球突出计",1028
68160419,"干眼检测仪",1029
68160420,"视网膜自适应光学成像仪",1030
68160421,"眼科诊断辅助器具",1031
68160422,"眼力器",1032
681605,"眼科器械-眼科治疗和手术设备、辅助器具",1033
68160501,"眼科超声手术设备",1034
68160502,"眼科激光治疗设备",1035
68160503,"眼科内窥镜及附件",1036
68160504,"眼科冷冻治疗设备",1037
68160505,"其他眼科治疗和手术设备",1038
68160506,"眼科治疗和手术辅助器具",1039
681606,"眼科器械-眼科矫治和防护器具",1040
68160601,"接触镜",1041
68160602,"接触镜护理产品",1042
68160603,"防护器具",1043
68160604,"助视器",1044
681607,"眼科器械-眼科植入物及辅助器械",1045
68160701,"人工晶状体",1046
68160702,"眼内填充物",1047
68160703,"青光眼引流装置",1048
68160704,"眼用粘弹剂",1049
68160705,"泪点塞",1050
68160706,"义眼台",1051
68160707,"囊袋张力环",1052
68160708,"人工玻璃体球囊",1053
68160709,"组织工程生物羊膜",1054
68160710,"角膜基质片",1055
68160711,"角膜基质环",1056
68160712,"泪道管",1057
68160713,"硅胶环扎带",1058
68160714,"义眼片",1059
68160715,"人工晶状体、人工玻璃体植入器械",1060
68160716,"囊袋张力环植入器械",1061
6817,"口腔科器械",1062
681701,"口腔科器械-口腔诊察设备",1063
68170101,"牙周袋探测设备",1064
68170102,"牙髓活力测试设备",1065
68170103,"牙本质测量设备",1066
68170104,"龋齿探测设备",1067
68170105,"口腔成像设备",1068
68170106,"口腔照明设备",1069
681702,"口腔科器械-口腔诊察器具",1070
68170201,"手动测量用器械",1071
68170202,"口腔用镜",1072
68170203,"口腔成像辅助器具",1073
681703,"口腔科器械-口腔治疗设备",1074
68170301,"牙科治疗机",1075
68170302,"牙科用椅",1076
68170303,"口腔洁治清洗设备及附件",1077
68170304,"牙科手机及附件",1078
68170305,"口腔正负压设备",1079
68170306,"固化设备",1080
68170307,"牙科种植用设备",1081
68170308,"牙齿漂白设备",1082
68170309,"根管治疗设备",1083
68170310,"口腔麻醉推注设备",1084
68170311,"银汞合金调合器",1085
68170312,"口腔用骨粉制备设备",1086
681704,"口腔科器械-口腔治疗器具",1087
68170401,"口腔手术刀、凿",1088
68170402,"口腔用钳",1089
68170403,"口腔手术剪",1090
68170404,"牙挺",1091
68170405,"口腔针",1092
68170406,"牙科锉",1093
68170407,"口腔车针、钻",1094
68170408,"洁治器具",1095
68170409,"口腔隔离器具",1096
68170410,"打磨抛光清洁器具",1097
68170411,"种植体安装辅助器械",1098
68170412,"材料输送器具",1099
68170413,"正畸材料处理器械",1100
68170414,"口腔清洗器具",1101
68170415,"口腔综合治疗设备配件",1102
68170416,"口腔用镊、夹",1103
68170417,"口腔注射用具",1104
68170418,"口腔分离牵开用具",1105
68170419,"去冠器",1106
68170420,"治疗辅助器具",1107
681705,"口腔科器械-口腔充填修复材料",1108
68170501,"水门汀",1109
68170502,"粘接剂",1110
68170503,"根管充填封闭材料",1111
68170504,"复合树脂",1112
68170505,"复合体",1113
68170506,"银汞合金",1114
68170507,"临时充填材料",1115
68170508,"盖髓材料",1116
681706,"口腔科器械-口腔义齿制作材料",1117
68170601,"义齿用金属材料及制品",1118
68170602,"义齿用陶瓷材料及制品",1119
68170603,"义齿用高分子材料及制品",1120
68170604,"定制式义齿",1121
68170605,"固位桩",1122
68170606,"牙托梗",1123
681707,"口腔科器械-口腔正畸材料及制品",1124
68170701,"托槽",1125
68170702,"正畸丝",1126
68170703,"带环及颊面管",1127
68170704,"畸基托聚合物",1128
68170705,"正畸弹簧",1129
68170706,"正畸弹性体附件",1130
68170707,"矫治器具及附件",1131
681708,"口腔科器械-口腔植入及组织重建材料",1132
68170801,"牙种植体",1133
68170802,"基台及附件",1134
68170803,"种植支抗",1135
68170804,"种植体密封材料",1136
68170805,"种植辅助材料",1137
68170806,"骨填充及修复材料",1138
68170807,"颌面固定植入物",1139
68170808,"颌面部赝复及修复重建材料及制品",1140
68170809,"基台定制材料",1141
681709,"口腔科器械-口腔治疗辅助材料",1142
68170901,"根管预备辅助材料",1143
68170902,"吸潮纸尖",1144
68170903,"酸蚀剂",1145
68170904,"预处理剂",1146
68170905,"排龈材料",1147
68170906,"研磨抛光材料",1148
68170907,"印模材料",1149
68170908,"模型材料",1150
68170909,"铸造包埋材料",1151
68170910,"蜡",1152
68170911,"牙科分离剂",1153
68170912,"咬合关系记录/检查材料",1154
68170913,"隔离及赋形材料",1155
68170914,"义齿试用材料",1156
681710,"口腔科器械-其他口腔材料",1157
68171001,"牙周塞治剂",1158
68171002,"口腔溃疡、组织创面愈合治疗辅助材料",1159
68171003,"脱敏剂",1160
68171004,"防龋材料",1161
68171005,"牙科膜片",1162
68171006,"牙齿漂白材料",1163
68171007,"菌斑/龋齿指示剂",1164
68171008,"牙髓活力测试剂",1165
6818,"妇产科、辅助生殖和避孕器械",1166
681801,"妇产科、辅助生殖和避孕器械-妇产科手术器械",1167
68180101,"妇产科用刀",1168
68180102,"妇产科用剪",1169
68180103,"妇产科用钳",1170
68180104,"妇产科用镊、夹、钩、针",1171
68180105,"妇产科用扩张器、牵开器",1172
68180106,"助产器械",1173
68180107,"阴道洗涤器/给药器",1174
68180108,"妇科剥离器械",1175
68180109,"子宫操纵器",1176
68180110,"子宫输卵管造影、输卵管通液器械",1177
68180111,"妇科压板",1178
68180112,"医用妇科护垫",1179
68180113,"凝胶",1180
68180114,"阴道填塞材料",1181
681802,"妇产科、辅助生殖和避孕器械-妇产科测量、",1182
68180201,"超声多普勒胎儿监护设备",1183
68180202,"超声多普勒胎儿心率设备",1184
68180203,"手动测量器械",1185
681803,"妇产科、辅助生殖和避孕器械-妇产科诊断器械",1186
68180301,"妇科超声诊断设备",1187
68180302,"阴道镜",1188
68180303,"妇科内窥镜",1189
68180304,"妇科采样器械",1190
68180305,"妇科检查器械",1191
681804,"妇产科、辅助生殖和避孕器械-妇产科治疗器械",1192
68180401,"妇科物理治疗器械",1193
68180402,"妇科假体器械",1194
681805,"妇产科、辅助生殖和避孕器械-妇产科承载器械",1195
68180501,"产床",1196
68180502,"妇科手术/检查床",1197
681806,"妇产科、辅助生殖和避孕器械-妊娠控制器械",1198
68180601,"宫内节育器及取放器械",1199
68180602,"输卵（精）管封闭器械",1200
68180603,"屏障式避孕器械",1201
68180604,"避孕凝胶",1202
68180605,"结扎手术器械",1203
68180606,"宫腔负压吸引设备及附件",1204
681807,"妇产科、辅助生殖和避孕器械-辅助生殖器械",1205
68180701,"辅助生殖导管",1206
68180702,"辅助生殖穿刺取卵/取精针",1207
68180703,"辅助生殖微型工具",1208
68180704,"体外辅助生殖用液",1209
68180705,"辅助生殖专用仪器",1210
6819,"医用康复器械",1211
681901,"医用康复器械-认知言语视听障碍康复设备",1212
68190101,"认知障碍康复设备",1213
68190102,"视觉康复设备",1214
68190103,"听觉康复设备",1215
68190104,"言语障碍康复设备",1216
68190105,"真耳测试仪",1217
68190106,"助讲器",1218
68190107,"助听器",1219
681902,"医用康复器械-运动康复训练器械",1220
68190201,"步态训练设备",1221
68190202,"康复训练床",1222
68190203,"平衡训练设备",1223
68190204,"振动训练设备",1224
68190205,"关节训练设备",1225
68190206,"盆底肌肉训练设备",1226
68190207,"舌肌康复训练器",1227
681903,"医用康复器械-助行器械",1228
68190301,"医用轮椅车",1229
68190302,"辅助行走站立器械",1230
681904,"医用康复器械-矫形固定器械",1231
68190401,"矫形器",1232
68190402,"固定器",1233
6820,"中医器械",1234
682001,"中医器械-中医诊断设备",1235
68200101,"脉诊设备",1236
68200102,"望诊设备",1237
68200103,"穴位阻抗检测设备",1238
682002,"中医器械-中医治疗设备",1239
68200201,"穴位电刺激设备",1240
68200202,"温针治疗设备",1241
68200203,"灸疗设备",1242
68200204,"拔罐设备",1243
68200205,"熏蒸治疗设备",1244
68200206,"穴位微波刺激设备",1245
68200207,"穴位激光刺激设备",1246
682003,"中医器械-中医器具",1247
68200301,"针灸针",1248
68200302,"三棱针",1249
68200303,"小针刀",1250
68200304,"皮肤针",1251
68200305,"滚针",1252
68200306,"皮内针",1253
68200307,"埋线针",1254
68200308,"灸疗器具",1255
68200309,"穴位磁疗器具",1256
68200310,"浮针",1257
68200311,"穴位压力刺激器具",1258
68200312,"刮痧器具",1259
68200313,"拔罐器具",1260
6821,"医用软件",1261
682101,"医用软件-治疗计划软件",1262
68210101,"放射治疗计划系统软件",1263
68210102,"放射治疗辅助软件",1264
68210103,"手术计划软件",1265
682102,"医用软件-影像处理软件",1266
68210201,"医学影像存储与传输系统软件",1267
68210202,"医学影像处理软件",1268
682103,"医用软件-数据处理软件",1269
68210301,"监护软件",1270
68210302,"生理信号处理软件",1271
682104,"医用软件-决策支持软件",1272
68210401,"药物计算软件",1273
68210402,"计算机辅助诊断/分析软件",1274
68210403,"中医诊疗软件",1275
682105,"医用软件-体外诊断类软件",1276
68210501,"医学显微影像分析软件",1277
68210502,"筛查、分析软件",1278
682106,"医用软件-其他",1279
68210601,"康复训练软件",1280
6822,"临床检验器械",1281
682201,"临床检验器械-血液学分析设备",1282
68220101,"血型分析仪器",1283
68220102,"血细胞分析仪器",1284
68220103,"血细胞形态分析仪器",1285
68220104,"凝血分析仪器",1286
68220105,"血小板分析仪器",1287
68220106,"血流变分析仪器",1288
68220107,"红细胞沉降仪器",1289
68220108,"流式细胞分析仪器",1290
682202,"临床检验器械-生化分析设备",1291
68220201,"生化分析仪器",1292
68220202,"血糖及血糖相关参数分析仪器",1293
682203,"临床检验器械-电解质及血气分析设备",1294
68220301,"电解质分析仪器",1295
68220302,"血气分析仪器",1296
68220303,"电解质血气分析仪器",1297
68220304,"电解质血气检测电极",1298
682204,"临床检验器械-免疫分析设备",1299
68220401,"酶联免疫分析仪器",1300
68220402,"化学发光免疫分析仪器",1301
68220403,"荧光免疫分析仪器",1302
68220404,"免疫层析分析仪器",1303
68220405,"免疫印迹仪器",1304
68220406,"免疫散射浊度分析仪器",1305
68220407,"免疫分析一体机",1306
68220408,"间接免疫荧光分析仪器",1307
68220409,"生化免疫分析仪器",1308
682205,"临床检验器械-分子生物学分析设备",1309
68220501,"基因测序仪器",1310
68220502,"sanger测序仪器",1311
68220503,"核酸扩增分析仪器",1312
68220504,"核酸扩增仪器",1313
68220505,"核酸分子杂交仪器",1314
682206,"临床检验器械-微生物分析设备",1315
68220601,"微生物比浊仪器",1316
68220602,"微生物培养监测仪器",1317
68220603,"微生物药敏培养监测仪器",1318
68220604,"微生物鉴定仪器（非质谱）",1319
68220605,"微生物质谱鉴定仪器",1320
68220606,"微生物鉴定药敏分析仪器",1321
68220607,"细菌内毒素/真菌葡聚糖检测仪器",1322
68220608,"幽门螺旋杆菌分析仪器",1323
682207,"临床检验器械-扫描图像分析系统",1324
68220701,"医用显微镜",1325
68220702,"图像扫描仪器",1326
68220703,"图像分析仪器",1327
682208,"临床检验器械-放射性核素标本测定装置",1328
68220801,"放射免疫γ计数器",1329
68220802,"液体闪烁计数器",1330
68220803,"放射性层析扫描装置",1331
682209,"临床检验器械-尿液及其他体液分析设备",1332
68220901,"干化学尿液分析仪器",1333
68220902,"尿液有形成分分析仪器",1334
68220903,"尿液分析系统",1335
68220904,"粪便分析仪器",1336
68220905,"精子分析仪器",1337
68220906,"生殖道分泌物分析仪器",1338
68220907,"其他体液分析仪器",1339
68220908,"其他体液形态学分析仪器",1340
682210,"临床检验器械-其他医用分析设备",1341
68221001,"流式点阵仪器",1342
68221002,"微量元素分析仪器",1343
68221003,"质谱检测系统",1344
68221004,"液相色谱分析仪器",1345
68221005,"色谱柱",1346
68221006,"渗透压测定仪器",1347
68221007,"循环肿瘤细胞分析仪器",1348
68221008,"生物芯片分析仪器",1349
68221009,"电泳仪器",1350
682211,"临床检验器械-采样设备和器具",1351
68221101,"动静脉采血针及连接件",1352
68221102,"末梢采血针",1353
68221103,"采血笔",1354
68221104,"静脉血样采血管",1355
68221105,"末梢采血管",1356
68221106,"末梢血采集容器",1357
68221107,"血液采集卡",1358
68221108,"胃隐血采集器具",1359
68221109,"其他样本采集器具",1360
68221110,"激光采血仪",1361
68221111,"足跟采血器",1362
682212,"临床检验器械-形态学分析前样本处理设备",1363
68221201,"血细胞分析前样本处理仪器",1364
68221202,"病理分析前样本处理仪器",1365
68221203,"流式细胞术样本裂解仪",1366
682213,"临床检验器械-样本分离设备",1367
68221301,"医用离心机",1368
68221302,"核酸提取纯化仪",1369
682214,"临床检验器械-培养与孵育设备",1370
68221401,"医用培养/恒温箱",1371
68221402,"厌氧培养系统",1372
68221403,"孵育器",1373
68221404,"血小板振荡器",1374
682215,"临床检验器械-检验及其他辅助设备",1375
68221501,"洗板机",1376
68221502,"计数板",1377
68221503,"自动加样系统",1378
68221504,"低温储存设备",1379
68221505,"样本处理系统",1380
682216,"临床检验器械-医用生物防护设备",1381
68221601,"生物安全柜",1382
68221602,"洁净工作台",1383
6823,"设备科",1384
6824,"信息科",1385
6825,"总务科",1386
682501,"美的空调",1387
6890,"未识别分类",1388